<?xml version="1.0" encoding="UTF-8"?>
<config xmlns="http://www.knime.org/2008/09/XMLConfig" xmlns:xsi="http://www.w3.org/2001/XMLSchema-instance" xsi:schemaLocation="http://www.knime.org/2008/09/XMLConfig http://www.knime.org/XMLConfig_2008_09.xsd" key="model.xml">
    <entry key="version" type="xint" value="1"/>
    <entry key="class_name" type="xstring" value="org.knime.base.data.normalize.NormalizerPortObject"/>
    <config key="model">
        <config key="columns">
            <config key="symboling">
                <entry key="column_name" type="xstring" value="symboling"/>
                <entry key="column_scale" type="xdouble" value="0.2"/>
                <entry key="column_translate" type="xdouble" value="0.4"/>
                <entry key="column_min" type="xdouble" value="0.0"/>
                <entry key="column_max" type="xdouble" value="1.0"/>
            </config>
            <config key="wheelbase">
                <entry key="column_name" type="xstring" value="wheelbase"/>
                <entry key="column_scale" type="xdouble" value="0.02915451895043731"/>
                <entry key="column_translate" type="xdouble" value="-2.524781341107871"/>
                <entry key="column_min" type="xdouble" value="0.0"/>
                <entry key="column_max" type="xdouble" value="1.0"/>
            </config>
            <config key="carlength">
                <entry key="column_name" type="xstring" value="carlength"/>
                <entry key="column_scale" type="xdouble" value="0.014925373134328358"/>
                <entry key="column_translate" type="xdouble" value="-2.1059701492537313"/>
                <entry key="column_min" type="xdouble" value="0.0"/>
                <entry key="column_max" type="xdouble" value="1.0"/>
            </config>
            <config key="carwidth">
                <entry key="column_name" type="xstring" value="carwidth"/>
                <entry key="column_scale" type="xdouble" value="0.08333333333333333"/>
                <entry key="column_translate" type="xdouble" value="-5.0249999999999995"/>
                <entry key="column_min" type="xdouble" value="0.0"/>
                <entry key="column_max" type="xdouble" value="1.0"/>
            </config>
            <config key="carheight">
                <entry key="column_name" type="xstring" value="carheight"/>
                <entry key="column_scale" type="xdouble" value="0.08333333333333333"/>
                <entry key="column_translate" type="xdouble" value="-3.983333333333333"/>
                <entry key="column_min" type="xdouble" value="0.0"/>
                <entry key="column_max" type="xdouble" value="1.0"/>
            </config>
            <config key="curbweight">
                <entry key="column_name" type="xstring" value="curbweight"/>
                <entry key="column_scale" type="xdouble" value="3.878975950349108E-4"/>
                <entry key="column_translate" type="xdouble" value="-0.5771916214119472"/>
                <entry key="column_min" type="xdouble" value="0.0"/>
                <entry key="column_max" type="xdouble" value="1.0"/>
            </config>
            <config key="enginesize">
                <entry key="column_name" type="xstring" value="enginesize"/>
                <entry key="column_scale" type="xdouble" value="0.0037735849056603774"/>
                <entry key="column_translate" type="xdouble" value="-0.23018867924528302"/>
                <entry key="column_min" type="xdouble" value="0.0"/>
                <entry key="column_max" type="xdouble" value="1.0"/>
            </config>
            <config key="boreratio">
                <entry key="column_name" type="xstring" value="boreratio"/>
                <entry key="column_scale" type="xdouble" value="0.7142857142857143"/>
                <entry key="column_translate" type="xdouble" value="-1.8142857142857143"/>
                <entry key="column_min" type="xdouble" value="0.0"/>
                <entry key="column_max" type="xdouble" value="1.0"/>
            </config>
            <config key="stroke">
                <entry key="column_name" type="xstring" value="stroke"/>
                <entry key="column_scale" type="xdouble" value="0.47619047619047616"/>
                <entry key="column_translate" type="xdouble" value="-0.9857142857142855"/>
                <entry key="column_min" type="xdouble" value="0.0"/>
                <entry key="column_max" type="xdouble" value="1.0"/>
            </config>
            <config key="compressionratio">
                <entry key="column_name" type="xstring" value="compressionratio"/>
                <entry key="column_scale" type="xdouble" value="0.0625"/>
                <entry key="column_translate" type="xdouble" value="-0.4375"/>
                <entry key="column_min" type="xdouble" value="0.0"/>
                <entry key="column_max" type="xdouble" value="1.0"/>
            </config>
            <config key="horsepower">
                <entry key="column_name" type="xstring" value="horsepower"/>
                <entry key="column_scale" type="xdouble" value="0.004166666666666667"/>
                <entry key="column_translate" type="xdouble" value="-0.2"/>
                <entry key="column_min" type="xdouble" value="0.0"/>
                <entry key="column_max" type="xdouble" value="1.0"/>
            </config>
            <config key="peakrpm">
                <entry key="column_name" type="xstring" value="peakrpm"/>
                <entry key="column_scale" type="xdouble" value="4.0816326530612246E-4"/>
                <entry key="column_translate" type="xdouble" value="-1.6938775510204083"/>
                <entry key="column_min" type="xdouble" value="0.0"/>
                <entry key="column_max" type="xdouble" value="1.0"/>
            </config>
            <config key="citympg">
                <entry key="column_name" type="xstring" value="citympg"/>
                <entry key="column_scale" type="xdouble" value="0.027777777777777776"/>
                <entry key="column_translate" type="xdouble" value="-0.3611111111111111"/>
                <entry key="column_min" type="xdouble" value="0.0"/>
                <entry key="column_max" type="xdouble" value="1.0"/>
            </config>
            <config key="highwaympg">
                <entry key="column_name" type="xstring" value="highwaympg"/>
                <entry key="column_scale" type="xdouble" value="0.02631578947368421"/>
                <entry key="column_translate" type="xdouble" value="-0.42105263157894735"/>
                <entry key="column_min" type="xdouble" value="0.0"/>
                <entry key="column_max" type="xdouble" value="1.0"/>
            </config>
            <config key="price">
                <entry key="column_name" type="xstring" value="price"/>
                <entry key="column_scale" type="xdouble" value="2.482498386376049E-5"/>
                <entry key="column_translate" type="xdouble" value="-0.1270542674147262"/>
                <entry key="column_min" type="xdouble" value="0.0"/>
                <entry key="column_max" type="xdouble" value="1.0"/>
            </config>
            <config key="Prediction (price)">
                <entry key="column_name" type="xstring" value="Prediction (price)"/>
                <entry key="column_scale" type="xdouble" value="2.482498386376049E-5"/>
                <entry key="column_translate" type="xdouble" value="-0.1270542674147262"/>
                <entry key="column_min" type="xdouble" value="0.0"/>
                <entry key="column_max" type="xdouble" value="1.0"/>
            </config>
        </config>
        <entry key="summary" type="xstring" value="Min/Max (0.0, 1) normalization on 16 column(s)"/>
    </config>
</config>
