<?xml version="1.0" encoding="UTF-8"?>
<config xmlns="http://www.knime.org/2008/09/XMLConfig" xmlns:xsi="http://www.w3.org/2001/XMLSchema-instance" xsi:schemaLocation="http://www.knime.org/2008/09/XMLConfig http://www.knime.org/XMLConfig_2008_09.xsd" key="Table Spec">
    <config key="table.spec">
        <entry key="spec_name" type="xstring" value="default"/>
        <entry key="number_columns" type="xint" value="18"/>
        <config key="column_spec_0">
            <entry key="column_name" type="xstring" value="Gender"/>
            <config key="element_names">
                <entry key="array-size" type="xint" value="0"/>
            </config>
            <config key="column_type">
                <entry key="cell_class" type="xstring" value="org.knime.core.data.def.StringCell"/>
            </config>
            <config key="column_domain">
                <config key="possible_values">
                    <entry key="array-size" type="xint" value="2"/>
                    <config key="0">
                        <entry key="datacell" type="xstring" value="org.knime.core.data.def.StringCell"/>
                        <config key="org.knime.core.data.def.StringCell">
                            <entry key="StringCell" type="xstring" value="Female"/>
                        </config>
                    </config>
                    <config key="1">
                        <entry key="datacell" type="xstring" value="org.knime.core.data.def.StringCell"/>
                        <config key="org.knime.core.data.def.StringCell">
                            <entry key="StringCell" type="xstring" value="Male"/>
                        </config>
                    </config>
                </config>
            </config>
            <config key="column_properties"/>
            <config key="meta_data"/>
        </config>
        <config key="column_spec_1">
            <entry key="column_name" type="xstring" value="Age"/>
            <config key="element_names">
                <entry key="array-size" type="xint" value="0"/>
            </config>
            <config key="column_type">
                <entry key="cell_class" type="xstring" value="org.knime.core.data.def.IntCell"/>
            </config>
            <config key="column_domain">
                <config key="lower_bound">
                    <entry key="datacell" type="xstring" value="org.knime.core.data.def.IntCell"/>
                    <config key="org.knime.core.data.def.IntCell">
                        <entry key="IntCell" type="xint" value="14"/>
                    </config>
                </config>
                <config key="upper_bound">
                    <entry key="datacell" type="xstring" value="org.knime.core.data.def.IntCell"/>
                    <config key="org.knime.core.data.def.IntCell">
                        <entry key="IntCell" type="xint" value="61"/>
                    </config>
                </config>
            </config>
            <config key="column_properties"/>
            <config key="meta_data"/>
        </config>
        <config key="column_spec_2">
            <entry key="column_name" type="xstring" value="Height"/>
            <config key="element_names">
                <entry key="array-size" type="xint" value="0"/>
            </config>
            <config key="column_type">
                <entry key="cell_class" type="xstring" value="org.knime.core.data.def.DoubleCell"/>
            </config>
            <config key="column_domain">
                <config key="lower_bound">
                    <entry key="datacell" type="xstring" value="org.knime.core.data.def.DoubleCell"/>
                    <config key="org.knime.core.data.def.DoubleCell">
                        <entry key="DoubleCell" type="xdouble" value="1.45"/>
                    </config>
                </config>
                <config key="upper_bound">
                    <entry key="datacell" type="xstring" value="org.knime.core.data.def.DoubleCell"/>
                    <config key="org.knime.core.data.def.DoubleCell">
                        <entry key="DoubleCell" type="xdouble" value="1.98"/>
                    </config>
                </config>
            </config>
            <config key="column_properties"/>
            <config key="meta_data"/>
        </config>
        <config key="column_spec_3">
            <entry key="column_name" type="xstring" value="Weight"/>
            <config key="element_names">
                <entry key="array-size" type="xint" value="0"/>
            </config>
            <config key="column_type">
                <entry key="cell_class" type="xstring" value="org.knime.core.data.def.DoubleCell"/>
            </config>
            <config key="column_domain">
                <config key="lower_bound">
                    <entry key="datacell" type="xstring" value="org.knime.core.data.def.DoubleCell"/>
                    <config key="org.knime.core.data.def.DoubleCell">
                        <entry key="DoubleCell" type="xdouble" value="39.0"/>
                    </config>
                </config>
                <config key="upper_bound">
                    <entry key="datacell" type="xstring" value="org.knime.core.data.def.DoubleCell"/>
                    <config key="org.knime.core.data.def.DoubleCell">
                        <entry key="DoubleCell" type="xdouble" value="173.0"/>
                    </config>
                </config>
            </config>
            <config key="column_properties"/>
            <config key="meta_data"/>
        </config>
        <config key="column_spec_4">
            <entry key="column_name" type="xstring" value="family_history_with_overweight"/>
            <config key="element_names">
                <entry key="array-size" type="xint" value="0"/>
            </config>
            <config key="column_type">
                <entry key="cell_class" type="xstring" value="org.knime.core.data.def.StringCell"/>
            </config>
            <config key="column_domain">
                <config key="possible_values">
                    <entry key="array-size" type="xint" value="2"/>
                    <config key="0">
                        <entry key="datacell" type="xstring" value="org.knime.core.data.def.StringCell"/>
                        <config key="org.knime.core.data.def.StringCell">
                            <entry key="StringCell" type="xstring" value="yes"/>
                        </config>
                    </config>
                    <config key="1">
                        <entry key="datacell" type="xstring" value="org.knime.core.data.def.StringCell"/>
                        <config key="org.knime.core.data.def.StringCell">
                            <entry key="StringCell" type="xstring" value="no"/>
                        </config>
                    </config>
                </config>
            </config>
            <config key="column_properties"/>
            <config key="meta_data"/>
        </config>
        <config key="column_spec_5">
            <entry key="column_name" type="xstring" value="FAVC"/>
            <config key="element_names">
                <entry key="array-size" type="xint" value="0"/>
            </config>
            <config key="column_type">
                <entry key="cell_class" type="xstring" value="org.knime.core.data.def.StringCell"/>
            </config>
            <config key="column_domain">
                <config key="possible_values">
                    <entry key="array-size" type="xint" value="2"/>
                    <config key="0">
                        <entry key="datacell" type="xstring" value="org.knime.core.data.def.StringCell"/>
                        <config key="org.knime.core.data.def.StringCell">
                            <entry key="StringCell" type="xstring" value="no"/>
                        </config>
                    </config>
                    <config key="1">
                        <entry key="datacell" type="xstring" value="org.knime.core.data.def.StringCell"/>
                        <config key="org.knime.core.data.def.StringCell">
                            <entry key="StringCell" type="xstring" value="yes"/>
                        </config>
                    </config>
                </config>
            </config>
            <config key="column_properties"/>
            <config key="meta_data"/>
        </config>
        <config key="column_spec_6">
            <entry key="column_name" type="xstring" value="FCVC"/>
            <config key="element_names">
                <entry key="array-size" type="xint" value="0"/>
            </config>
            <config key="column_type">
                <entry key="cell_class" type="xstring" value="org.knime.core.data.def.StringCell"/>
            </config>
            <config key="column_domain">
                <config key="possible_values">
                    <entry key="array-size" type="xint" value="3"/>
                    <config key="0">
                        <entry key="datacell" type="xstring" value="org.knime.core.data.def.StringCell"/>
                        <config key="org.knime.core.data.def.StringCell">
                            <entry key="StringCell" type="xstring" value="sometimes"/>
                        </config>
                    </config>
                    <config key="1">
                        <entry key="datacell" type="xstring" value="org.knime.core.data.def.StringCell"/>
                        <config key="org.knime.core.data.def.StringCell">
                            <entry key="StringCell" type="xstring" value="always"/>
                        </config>
                    </config>
                    <config key="2">
                        <entry key="datacell" type="xstring" value="org.knime.core.data.def.StringCell"/>
                        <config key="org.knime.core.data.def.StringCell">
                            <entry key="StringCell" type="xstring" value="never"/>
                        </config>
                    </config>
                </config>
            </config>
            <config key="column_properties"/>
            <config key="meta_data"/>
        </config>
        <config key="column_spec_7">
            <entry key="column_name" type="xstring" value="NCP"/>
            <config key="element_names">
                <entry key="array-size" type="xint" value="0"/>
            </config>
            <config key="column_type">
                <entry key="cell_class" type="xstring" value="org.knime.core.data.def.IntCell"/>
            </config>
            <config key="column_domain">
                <config key="lower_bound">
                    <entry key="datacell" type="xstring" value="org.knime.core.data.def.IntCell"/>
                    <config key="org.knime.core.data.def.IntCell">
                        <entry key="IntCell" type="xint" value="1"/>
                    </config>
                </config>
                <config key="upper_bound">
                    <entry key="datacell" type="xstring" value="org.knime.core.data.def.IntCell"/>
                    <config key="org.knime.core.data.def.IntCell">
                        <entry key="IntCell" type="xint" value="4"/>
                    </config>
                </config>
            </config>
            <config key="column_properties"/>
            <config key="meta_data"/>
        </config>
        <config key="column_spec_8">
            <entry key="column_name" type="xstring" value="CAEC"/>
            <config key="element_names">
                <entry key="array-size" type="xint" value="0"/>
            </config>
            <config key="column_type">
                <entry key="cell_class" type="xstring" value="org.knime.core.data.def.StringCell"/>
            </config>
            <config key="column_domain">
                <config key="possible_values">
                    <entry key="array-size" type="xint" value="4"/>
                    <config key="0">
                        <entry key="datacell" type="xstring" value="org.knime.core.data.def.StringCell"/>
                        <config key="org.knime.core.data.def.StringCell">
                            <entry key="StringCell" type="xstring" value="Sometimes"/>
                        </config>
                    </config>
                    <config key="1">
                        <entry key="datacell" type="xstring" value="org.knime.core.data.def.StringCell"/>
                        <config key="org.knime.core.data.def.StringCell">
                            <entry key="StringCell" type="xstring" value="Frequently"/>
                        </config>
                    </config>
                    <config key="2">
                        <entry key="datacell" type="xstring" value="org.knime.core.data.def.StringCell"/>
                        <config key="org.knime.core.data.def.StringCell">
                            <entry key="StringCell" type="xstring" value="Always"/>
                        </config>
                    </config>
                    <config key="3">
                        <entry key="datacell" type="xstring" value="org.knime.core.data.def.StringCell"/>
                        <config key="org.knime.core.data.def.StringCell">
                            <entry key="StringCell" type="xstring" value="no"/>
                        </config>
                    </config>
                </config>
            </config>
            <config key="column_properties"/>
            <config key="meta_data"/>
        </config>
        <config key="column_spec_9">
            <entry key="column_name" type="xstring" value="SMOKE"/>
            <config key="element_names">
                <entry key="array-size" type="xint" value="0"/>
            </config>
            <config key="column_type">
                <entry key="cell_class" type="xstring" value="org.knime.core.data.def.StringCell"/>
            </config>
            <config key="column_domain">
                <config key="possible_values">
                    <entry key="array-size" type="xint" value="2"/>
                    <config key="0">
                        <entry key="datacell" type="xstring" value="org.knime.core.data.def.StringCell"/>
                        <config key="org.knime.core.data.def.StringCell">
                            <entry key="StringCell" type="xstring" value="no"/>
                        </config>
                    </config>
                    <config key="1">
                        <entry key="datacell" type="xstring" value="org.knime.core.data.def.StringCell"/>
                        <config key="org.knime.core.data.def.StringCell">
                            <entry key="StringCell" type="xstring" value="yes"/>
                        </config>
                    </config>
                </config>
            </config>
            <config key="column_properties"/>
            <config key="meta_data"/>
        </config>
        <config key="column_spec_10">
            <entry key="column_name" type="xstring" value="CH2O"/>
            <config key="element_names">
                <entry key="array-size" type="xint" value="0"/>
            </config>
            <config key="column_type">
                <entry key="cell_class" type="xstring" value="org.knime.core.data.def.IntCell"/>
            </config>
            <config key="column_domain">
                <config key="lower_bound">
                    <entry key="datacell" type="xstring" value="org.knime.core.data.def.IntCell"/>
                    <config key="org.knime.core.data.def.IntCell">
                        <entry key="IntCell" type="xint" value="1"/>
                    </config>
                </config>
                <config key="upper_bound">
                    <entry key="datacell" type="xstring" value="org.knime.core.data.def.IntCell"/>
                    <config key="org.knime.core.data.def.IntCell">
                        <entry key="IntCell" type="xint" value="3"/>
                    </config>
                </config>
            </config>
            <config key="column_properties"/>
            <config key="meta_data"/>
        </config>
        <config key="column_spec_11">
            <entry key="column_name" type="xstring" value="SCC"/>
            <config key="element_names">
                <entry key="array-size" type="xint" value="0"/>
            </config>
            <config key="column_type">
                <entry key="cell_class" type="xstring" value="org.knime.core.data.def.StringCell"/>
            </config>
            <config key="column_domain">
                <config key="possible_values">
                    <entry key="array-size" type="xint" value="2"/>
                    <config key="0">
                        <entry key="datacell" type="xstring" value="org.knime.core.data.def.StringCell"/>
                        <config key="org.knime.core.data.def.StringCell">
                            <entry key="StringCell" type="xstring" value="no"/>
                        </config>
                    </config>
                    <config key="1">
                        <entry key="datacell" type="xstring" value="org.knime.core.data.def.StringCell"/>
                        <config key="org.knime.core.data.def.StringCell">
                            <entry key="StringCell" type="xstring" value="yes"/>
                        </config>
                    </config>
                </config>
            </config>
            <config key="column_properties"/>
            <config key="meta_data"/>
        </config>
        <config key="column_spec_12">
            <entry key="column_name" type="xstring" value="FAF"/>
            <config key="element_names">
                <entry key="array-size" type="xint" value="0"/>
            </config>
            <config key="column_type">
                <entry key="cell_class" type="xstring" value="org.knime.core.data.def.IntCell"/>
            </config>
            <config key="column_domain">
                <config key="lower_bound">
                    <entry key="datacell" type="xstring" value="org.knime.core.data.def.IntCell"/>
                    <config key="org.knime.core.data.def.IntCell">
                        <entry key="IntCell" type="xint" value="0"/>
                    </config>
                </config>
                <config key="upper_bound">
                    <entry key="datacell" type="xstring" value="org.knime.core.data.def.IntCell"/>
                    <config key="org.knime.core.data.def.IntCell">
                        <entry key="IntCell" type="xint" value="3"/>
                    </config>
                </config>
            </config>
            <config key="column_properties"/>
            <config key="meta_data"/>
        </config>
        <config key="column_spec_13">
            <entry key="column_name" type="xstring" value="TUE"/>
            <config key="element_names">
                <entry key="array-size" type="xint" value="0"/>
            </config>
            <config key="column_type">
                <entry key="cell_class" type="xstring" value="org.knime.core.data.def.IntCell"/>
            </config>
            <config key="column_domain">
                <config key="lower_bound">
                    <entry key="datacell" type="xstring" value="org.knime.core.data.def.IntCell"/>
                    <config key="org.knime.core.data.def.IntCell">
                        <entry key="IntCell" type="xint" value="0"/>
                    </config>
                </config>
                <config key="upper_bound">
                    <entry key="datacell" type="xstring" value="org.knime.core.data.def.IntCell"/>
                    <config key="org.knime.core.data.def.IntCell">
                        <entry key="IntCell" type="xint" value="2"/>
                    </config>
                </config>
            </config>
            <config key="column_properties"/>
            <config key="meta_data"/>
        </config>
        <config key="column_spec_14">
            <entry key="column_name" type="xstring" value="CALC"/>
            <config key="element_names">
                <entry key="array-size" type="xint" value="0"/>
            </config>
            <config key="column_type">
                <entry key="cell_class" type="xstring" value="org.knime.core.data.def.StringCell"/>
            </config>
            <config key="column_domain">
                <config key="possible_values">
                    <entry key="array-size" type="xint" value="4"/>
                    <config key="0">
                        <entry key="datacell" type="xstring" value="org.knime.core.data.def.StringCell"/>
                        <config key="org.knime.core.data.def.StringCell">
                            <entry key="StringCell" type="xstring" value="no"/>
                        </config>
                    </config>
                    <config key="1">
                        <entry key="datacell" type="xstring" value="org.knime.core.data.def.StringCell"/>
                        <config key="org.knime.core.data.def.StringCell">
                            <entry key="StringCell" type="xstring" value="Sometimes"/>
                        </config>
                    </config>
                    <config key="2">
                        <entry key="datacell" type="xstring" value="org.knime.core.data.def.StringCell"/>
                        <config key="org.knime.core.data.def.StringCell">
                            <entry key="StringCell" type="xstring" value="Frequently"/>
                        </config>
                    </config>
                    <config key="3">
                        <entry key="datacell" type="xstring" value="org.knime.core.data.def.StringCell"/>
                        <config key="org.knime.core.data.def.StringCell">
                            <entry key="StringCell" type="xstring" value="Always"/>
                        </config>
                    </config>
                </config>
            </config>
            <config key="column_properties"/>
            <config key="meta_data"/>
        </config>
        <config key="column_spec_15">
            <entry key="column_name" type="xstring" value="MTRANS"/>
            <config key="element_names">
                <entry key="array-size" type="xint" value="0"/>
            </config>
            <config key="column_type">
                <entry key="cell_class" type="xstring" value="org.knime.core.data.def.StringCell"/>
            </config>
            <config key="column_domain">
                <config key="possible_values">
                    <entry key="array-size" type="xint" value="5"/>
                    <config key="0">
                        <entry key="datacell" type="xstring" value="org.knime.core.data.def.StringCell"/>
                        <config key="org.knime.core.data.def.StringCell">
                            <entry key="StringCell" type="xstring" value="Public_Transportation"/>
                        </config>
                    </config>
                    <config key="1">
                        <entry key="datacell" type="xstring" value="org.knime.core.data.def.StringCell"/>
                        <config key="org.knime.core.data.def.StringCell">
                            <entry key="StringCell" type="xstring" value="Walking"/>
                        </config>
                    </config>
                    <config key="2">
                        <entry key="datacell" type="xstring" value="org.knime.core.data.def.StringCell"/>
                        <config key="org.knime.core.data.def.StringCell">
                            <entry key="StringCell" type="xstring" value="Automobile"/>
                        </config>
                    </config>
                    <config key="3">
                        <entry key="datacell" type="xstring" value="org.knime.core.data.def.StringCell"/>
                        <config key="org.knime.core.data.def.StringCell">
                            <entry key="StringCell" type="xstring" value="Motorbike"/>
                        </config>
                    </config>
                    <config key="4">
                        <entry key="datacell" type="xstring" value="org.knime.core.data.def.StringCell"/>
                        <config key="org.knime.core.data.def.StringCell">
                            <entry key="StringCell" type="xstring" value="Bike"/>
                        </config>
                    </config>
                </config>
            </config>
            <config key="column_properties"/>
            <config key="meta_data"/>
        </config>
        <config key="column_spec_16">
            <entry key="column_name" type="xstring" value="NObeyesdad"/>
            <config key="element_names">
                <entry key="array-size" type="xint" value="0"/>
            </config>
            <config key="column_type">
                <entry key="cell_class" type="xstring" value="org.knime.core.data.def.StringCell"/>
            </config>
            <config key="column_domain">
                <config key="possible_values">
                    <entry key="array-size" type="xint" value="7"/>
                    <config key="0">
                        <entry key="datacell" type="xstring" value="org.knime.core.data.def.StringCell"/>
                        <config key="org.knime.core.data.def.StringCell">
                            <entry key="StringCell" type="xstring" value="Normal_Weight"/>
                        </config>
                    </config>
                    <config key="1">
                        <entry key="datacell" type="xstring" value="org.knime.core.data.def.StringCell"/>
                        <config key="org.knime.core.data.def.StringCell">
                            <entry key="StringCell" type="xstring" value="Overweight_Level_I"/>
                        </config>
                    </config>
                    <config key="2">
                        <entry key="datacell" type="xstring" value="org.knime.core.data.def.StringCell"/>
                        <config key="org.knime.core.data.def.StringCell">
                            <entry key="StringCell" type="xstring" value="Overweight_Level_II"/>
                        </config>
                    </config>
                    <config key="3">
                        <entry key="datacell" type="xstring" value="org.knime.core.data.def.StringCell"/>
                        <config key="org.knime.core.data.def.StringCell">
                            <entry key="StringCell" type="xstring" value="Obesity_Type_I"/>
                        </config>
                    </config>
                    <config key="4">
                        <entry key="datacell" type="xstring" value="org.knime.core.data.def.StringCell"/>
                        <config key="org.knime.core.data.def.StringCell">
                            <entry key="StringCell" type="xstring" value="Insufficient_Weight"/>
                        </config>
                    </config>
                    <config key="5">
                        <entry key="datacell" type="xstring" value="org.knime.core.data.def.StringCell"/>
                        <config key="org.knime.core.data.def.StringCell">
                            <entry key="StringCell" type="xstring" value="Obesity_Type_II"/>
                        </config>
                    </config>
                    <config key="6">
                        <entry key="datacell" type="xstring" value="org.knime.core.data.def.StringCell"/>
                        <config key="org.knime.core.data.def.StringCell">
                            <entry key="StringCell" type="xstring" value="Obesity_Type_III"/>
                        </config>
                    </config>
                </config>
            </config>
            <config key="column_properties"/>
            <config key="meta_data"/>
        </config>
        <config key="column_spec_17">
            <entry key="column_name" type="xstring" value="NObeyesdad (to number)"/>
            <config key="element_names">
                <entry key="array-size" type="xint" value="0"/>
            </config>
            <config key="column_type">
                <entry key="cell_class" type="xstring" value="org.knime.core.data.def.IntCell"/>
            </config>
            <config key="column_domain">
                <config key="lower_bound">
                    <entry key="datacell" type="xstring" value="org.knime.core.data.def.IntCell"/>
                    <config key="org.knime.core.data.def.IntCell">
                        <entry key="IntCell" type="xint" value="0"/>
                    </config>
                </config>
                <config key="upper_bound">
                    <entry key="datacell" type="xstring" value="org.knime.core.data.def.IntCell"/>
                    <config key="org.knime.core.data.def.IntCell">
                        <entry key="IntCell" type="xint" value="6"/>
                    </config>
                </config>
            </config>
            <config key="column_properties"/>
            <config key="meta_data"/>
        </config>
    </config>
</config>
