<?xml version="1.0" encoding="UTF-8"?>
<config xmlns="http://www.knime.org/2008/09/XMLConfig" xmlns:xsi="http://www.w3.org/2001/XMLSchema-instance" xsi:schemaLocation="http://www.knime.org/2008/09/XMLConfig http://www.knime.org/XMLConfig_2008_09.xsd" key="preprocessing">
    <config key="preprocColumns">
        <entry key="array-size" type="xint" value="11"/>
        <entry key="0" type="xstring" value="name"/>
        <entry key="1" type="xstring" value="fueltypes"/>
        <entry key="2" type="xstring" value="aspiration"/>
        <entry key="3" type="xstring" value="doornumbers"/>
        <entry key="4" type="xstring" value="carbody"/>
        <entry key="5" type="xstring" value="drivewheels"/>
        <entry key="6" type="xstring" value="enginelocation"/>
        <entry key="7" type="xstring" value="enginetype"/>
        <entry key="8" type="xstring" value="cylindernumber"/>
        <entry key="9" type="xstring" value="fuelsystem"/>
        <entry key="10" type="xstring" value="marca"/>
    </config>
</config>
