<?xml version="1.0" encoding="UTF-8"?>
<config xmlns="http://www.knime.org/2008/09/XMLConfig" xmlns:xsi="http://www.w3.org/2001/XMLSchema-instance" xsi:schemaLocation="http://www.knime.org/2008/09/XMLConfig http://www.knime.org/XMLConfig_2008_09.xsd" key="MiningSchema">
    <config key="learning">
        <entry key="array-size" type="xint" value="14"/>
        <entry key="0" type="xstring" value="symboling"/>
        <entry key="1" type="xstring" value="wheelbase"/>
        <entry key="2" type="xstring" value="carlength"/>
        <entry key="3" type="xstring" value="carwidth"/>
        <entry key="4" type="xstring" value="carheight"/>
        <entry key="5" type="xstring" value="curbweight"/>
        <entry key="6" type="xstring" value="enginesize"/>
        <entry key="7" type="xstring" value="boreratio"/>
        <entry key="8" type="xstring" value="stroke"/>
        <entry key="9" type="xstring" value="compressionratio"/>
        <entry key="10" type="xstring" value="horsepower"/>
        <entry key="11" type="xstring" value="peakrpm"/>
        <entry key="12" type="xstring" value="citympg"/>
        <entry key="13" type="xstring" value="highwaympg"/>
    </config>
    <config key="target">
        <entry key="array-size" type="xint" value="1"/>
        <entry key="0" type="xstring" value="price"/>
    </config>
</config>
