<?xml version="1.0" encoding="UTF-8"?>
<config xmlns="http://www.knime.org/2008/09/XMLConfig" xmlns:xsi="http://www.w3.org/2001/XMLSchema-instance" xsi:schemaLocation="http://www.knime.org/2008/09/XMLConfig http://www.knime.org/XMLConfig_2008_09.xsd" key="model.xml">
    <entry key="version" type="xint" value="1"/>
    <entry key="class_name" type="xstring" value="org.knime.ext.dl4j.base.DLModelPortObjectSpec"/>
    <config key="model">
        <config key="NeuralNetType">
            <entry key="array-size" type="xint" value="2"/>
            <entry key="0" type="xstring" value="MLP"/>
            <entry key="1" type="xstring" value="DEEPCONVOLUTIONAL"/>
        </config>
        <config key="LayerTypeList">
            <entry key="array-size" type="xint" value="4"/>
            <entry key="0" type="xstring" value="DENSE_LAYER"/>
            <entry key="1" type="xstring" value="DENSE_LAYER"/>
            <entry key="2" type="xstring" value="DENSE_LAYER"/>
            <entry key="3" type="xstring" value="OUTPUT_LAYER"/>
        </config>
        <entry key="IsTrained" type="xboolean" value="true"/>
        <config key="FeatureColumsTypes">
            <entry key="array-size" type="xint" value="25"/>
            <entry key="0" type="xstring" value="Number (double)"/>
            <entry key="1" type="xstring" value="Number (double)"/>
            <entry key="2" type="xstring" value="Number (double)"/>
            <entry key="3" type="xstring" value="Number (double)"/>
            <entry key="4" type="xstring" value="Number (double)"/>
            <entry key="5" type="xstring" value="Number (double)"/>
            <entry key="6" type="xstring" value="Number (double)"/>
            <entry key="7" type="xstring" value="Number (double)"/>
            <entry key="8" type="xstring" value="Number (double)"/>
            <entry key="9" type="xstring" value="Number (double)"/>
            <entry key="10" type="xstring" value="Number (double)"/>
            <entry key="11" type="xstring" value="Number (double)"/>
            <entry key="12" type="xstring" value="Number (double)"/>
            <entry key="13" type="xstring" value="Number (double)"/>
            <entry key="14" type="xstring" value="Number (double)"/>
            <entry key="15" type="xstring" value="Number (double)"/>
            <entry key="16" type="xstring" value="Number (double)"/>
            <entry key="17" type="xstring" value="Number (double)"/>
            <entry key="18" type="xstring" value="Number (double)"/>
            <entry key="19" type="xstring" value="Number (double)"/>
            <entry key="20" type="xstring" value="Number (double)"/>
            <entry key="21" type="xstring" value="Number (double)"/>
            <entry key="22" type="xstring" value="Number (double)"/>
            <entry key="23" type="xstring" value="Number (double)"/>
            <entry key="24" type="xstring" value="Number (double)"/>
        </config>
        <config key="FeatureColumsNames">
            <entry key="array-size" type="xint" value="25"/>
            <entry key="0" type="xstring" value="symboling"/>
            <entry key="1" type="xstring" value="name"/>
            <entry key="2" type="xstring" value="fueltypes"/>
            <entry key="3" type="xstring" value="aspiration"/>
            <entry key="4" type="xstring" value="doornumbers"/>
            <entry key="5" type="xstring" value="carbody"/>
            <entry key="6" type="xstring" value="drivewheels"/>
            <entry key="7" type="xstring" value="enginelocation"/>
            <entry key="8" type="xstring" value="wheelbase"/>
            <entry key="9" type="xstring" value="carlength"/>
            <entry key="10" type="xstring" value="carwidth"/>
            <entry key="11" type="xstring" value="carheight"/>
            <entry key="12" type="xstring" value="curbweight"/>
            <entry key="13" type="xstring" value="enginetype"/>
            <entry key="14" type="xstring" value="cylindernumber"/>
            <entry key="15" type="xstring" value="enginesize"/>
            <entry key="16" type="xstring" value="fuelsystem"/>
            <entry key="17" type="xstring" value="boreratio"/>
            <entry key="18" type="xstring" value="stroke"/>
            <entry key="19" type="xstring" value="compressionratio"/>
            <entry key="20" type="xstring" value="horsepower"/>
            <entry key="21" type="xstring" value="peakrpm"/>
            <entry key="22" type="xstring" value="citympg"/>
            <entry key="23" type="xstring" value="highwaympg"/>
            <entry key="24" type="xstring" value="marca"/>
        </config>
        <config key="Labels">
            <entry key="array-size" type="xint" value="0"/>
        </config>
        <config key="TargetColumNames">
            <entry key="array-size" type="xint" value="1"/>
            <entry key="0" type="xstring" value="price"/>
        </config>
        <entry key="LearnerType" type="xstring" value="feedforward_regression"/>
        <entry key="ModelType" type="xstring" value="MLN"/>
    </config>
</config>
